{"w": {"count": 9, "last_press_time": 1729354514.577207}, "o": {"count": 11, "last_press_time": 1729354698.698111}, "s": {"count": 10, "last_press_time": 1729354908.346088}, "h": {"count": 7, "last_press_time": 1729354698.23311}, "i": {"count": 20, "last_press_time": 1729354905.822089}, "a": {"count": 12, "last_press_time": 1729354699.711112}, "m": {"count": 14, "last_press_time": 1729354918.812088}, "d": {"count": 30, "last_press_time": 1729354898.133087}, "g": {"count": 3, "last_press_time": 1729354709.617111}, "e": {"count": 8, "last_press_time": 1729354710.092161}, "y": {"count": 3, "last_press_time": 1729354336.062045}, "Key.space": {"count": 3, "last_press_time": 1729354339.972051}, "q": {"count": 17, "last_press_time": 1729354700.901111}, "b": {"count": 4, "last_press_time": 1729354335.536037}, "v": {"count": 2, "last_press_time": 1729354335.791048}, "f": {"count": 13, "last_press_time": 1729354698.010111}, "n": {"count": 14, "last_press_time": 1729354710.183112}, ",": {"count": 3, "last_press_time": 1729354699.610111}, "h + i": {"count": 2, "last_press_time": 1729354515.004207}, "h + s": {"count": 1, "last_press_time": 1729354514.939214}, "ctrl_l": {"count": 4, "last_press_time": 1729354517.928225}, "\u0015 + ctrl_l": {"count": 1, "last_press_time": 1729354516.4387}, "\u0002 + ctrl_l": {"count": 1, "last_press_time": 1729354517.853225}, "alt_l": {"count": 22, "last_press_time": 1729354714.638085}, "` + alt_l": {"count": 12, "last_press_time": 1729354714.792597}, "j": {"count": 2, "last_press_time": 1729354699.018111}, "k": {"count": 1, "last_press_time": 1729354678.223049}, "k + l": {"count": 1, "last_press_time": 1729354678.373048}, "l": {"count": 1, "last_press_time": 1729354678.378049}, "i + m": {"count": 9, "last_press_time": 1729354683.144048}, "o + s": {"count": 1, "last_press_time": 1729354680.580051}, "d + o + s": {"count": 1, "last_press_time": 1729354680.586049}, "d + o": {"count": 2, "last_press_time": 1729354698.628112}, "` + alt_l + w": {"count": 1, "last_press_time": 1729354687.597846}, "` + alt_l + o": {"count": 1, "last_press_time": 1729354687.69811}, "` + alt_l + s": {"count": 1, "last_press_time": 1729354687.828111}, "` + alt_l + h + s": {"count": 1, "last_press_time": 1729354687.893111}, "` + alt_l + h": {"count": 1, "last_press_time": 1729354687.912111}, "` + alt_l + h + i": {"count": 1, "last_press_time": 1729354687.964111}, "` + alt_l + i": {"count": 3, "last_press_time": 1729354692.904154}, "` + alt_l + n": {"count": 1, "last_press_time": 1729354688.801129}, "` + alt_l + i + n": {"count": 1, "last_press_time": 1729354688.906112}, "` + alt_l + m": {"count": 1, "last_press_time": 1729354689.058111}, "` + a + alt_l": {"count": 1, "last_press_time": 1729354689.152119}, "`": {"count": 9, "last_press_time": 1729354695.181111}, "` + d": {"count": 4, "last_press_time": 1729354694.17511}, "` + d + h": {"count": 1, "last_press_time": 1729354690.813111}, "` + h": {"count": 2, "last_press_time": 1729354691.600112}, "` + h + i": {"count": 1, "last_press_time": 1729354690.919111}, "` + i": {"count": 2, "last_press_time": 1729354693.672112}, "` + q": {"count": 1, "last_press_time": 1729354691.319111}, "` + q + w": {"count": 1, "last_press_time": 1729354691.394112}, "` + w": {"count": 1, "last_press_time": 1729354691.454111}, "` + d + w": {"count": 1, "last_press_time": 1729354691.459111}, "` + h + o": {"count": 1, "last_press_time": 1729354691.770111}, "` + o": {"count": 1, "last_press_time": 1729354691.795111}, "` + a": {"count": 1, "last_press_time": 1729354691.98711}, "` + a + s": {"count": 1, "last_press_time": 1729354692.09711}, "` + a + d + s": {"count": 1, "last_press_time": 1729354692.102119}, "` + d + s": {"count": 1, "last_press_time": 1729354692.117111}, "` + d + g": {"count": 1, "last_press_time": 1729354692.207111}, "` + g": {"count": 1, "last_press_time": 1729354692.251112}, "` + g + j": {"count": 1, "last_press_time": 1729354692.337111}, "` + j": {"count": 2, "last_press_time": 1729354694.033111}, "` + d + j": {"count": 1, "last_press_time": 1729354694.128112}, "d + h": {"count": 1, "last_press_time": 1729354695.668112}, "a + n": {"count": 1, "last_press_time": 1729354697.451147}, "d + n": {"count": 2, "last_press_time": 1729354699.460111}, "m + n": {"count": 1, "last_press_time": 1729354697.61312}, "h + q": {"count": 1, "last_press_time": 1729354698.406112}, "h + q + w": {"count": 1, "last_press_time": 1729354698.502111}, "h + w": {"count": 1, "last_press_time": 1729354698.572112}, "d + h + w": {"count": 1, "last_press_time": 1729354698.576111}, "d + w": {"count": 2, "last_press_time": 1729354700.664111}, ", + d + n": {"count": 1, "last_press_time": 1729354699.527148}, ", + d": {"count": 1, "last_press_time": 1729354699.532111}, "d + s": {"count": 2, "last_press_time": 1729354705.433112}, "d + q": {"count": 2, "last_press_time": 1729354700.972112}, "r": {"count": 1, "last_press_time": 1729354709.942111}, "e + n": {"count": 1, "last_press_time": 1729354710.149111}, "do": {"count": 3, "last_press_time": 1729354898.279088}, "dow": {"count": 1, "last_press_time": 1729354890.218075}, "dospace": {"count": 1, "last_press_time": 1729354898.542087}, "dospaced": {"count": 1, "last_press_time": 1729354899.422097}, "dospacedo": {"count": 1, "last_press_time": 1729354899.572095}, "dospacedow": {"count": 1, "last_press_time": 1729354900.023096}, "dospacedowh": {"count": 1, "last_press_time": 1729354900.183087}, "ospacedowha": {"count": 1, "last_press_time": 1729354900.235088}, "spacedowhat": {"count": 1, "last_press_time": 1729354900.394088}, "ma": {"count": 2, "last_press_time": 1729354918.971088}, "may": {"count": 2, "last_press_time": 1729354919.083087}, "mayb": {"count": 2, "last_press_time": 1729354919.228087}, "maybe": {"count": 2, "last_press_time": 1729354919.323088}, "if": {"count": 1, "last_press_time": 1729354905.917088}, "ify": {"count": 1, "last_press_time": 1729354906.113088}, "ifyo": {"count": 1, "last_press_time": 1729354906.239087}, "ifyou": {"count": 1, "last_press_time": 1729354906.330089}, "su": {"count": 1, "last_press_time": 1729354908.460088}, "sur": {"count": 1, "last_press_time": 1729354908.586089}, "sure": {"count": 1, "last_press_time": 1729354908.700087}, "cmd": {"count": 3, "last_press_time": 1729354913.486088}, "cmdspace": {"count": 3, "last_press_time": 1729354913.597088}, "caps_lock": {"count": 3, "last_press_time": 1729354924.283088}, "caps_locki": {"count": 2, "last_press_time": 1729354920.677088}, "caps_lockicaps_lock": {"count": 2, "last_press_time": 1729354920.868088}, "aps_lockicaps_lockw": {"count": 1, "last_press_time": 1729354921.213095}, "ps_lockicaps_lockwi": {"count": 1, "last_press_time": 1729354921.314088}, "s_lockicaps_lockwil": {"count": 1, "last_press_time": 1729354921.505087}, "_lockicaps_lockwill": {"count": 1, "last_press_time": 1729354921.625087}}